id,firstname,lastname,email,phone,gender,city
1,Ritchie,Leffek,rleffek0@wiley.com,3424822151,Male,Bangalore
2,Vic,Burgoyne,vburgoyne1@unblog.fr,6354279303,Agender,Hikone
4,Teodora,Duigan,tduigan3@about.com,1514952810,Genderqueer,Praia da Vitória
5,Terza,Vasilkov,tvasilkov4@alexa.com,8142612133,Agender,Zaozhuang
6,Ferris,Boosey,fboosey5@ycombinator.com,4772476900,Genderfluid,Maţāy
7,Gray,Fowden,gfowden6@dedecms.com,1584797492,Female,Innisfil
8,Tanney,Spivey,tspivey7@over-blog.com,2948289866,Male,Bangalore
9,Tilly,Tracy,ttracy8@wordpress.org,8465206128,Female,La Escondida
10,Nananne,Bellerby,nbellerby9@google.it,8368827943,Female,Zelenogorsk
11,Adrien,Dunridge,adunridgea@edublogs.org,4028963519,Male,Bangalore
12,Zacharie,Kinvan,zkinvanb@mtv.com,7375648090,Male,Rodniki
13,Carmelia,Perroni,cperronic@wiley.com,4699279511,Female,Bangalore
14,Wilburt,Pethrick,wpethrickd@weebly.com,2578154267,Male,Sumanding
15,Emelen,Flipsen,eflipsene@oakley.com,1665839785,Male,Salto de Pirapora
16,Collie,Londesborough,clondesboroughf@smh.com.au,6153394734,Female,Jintao
17,Wright,Routhorn,wrouthorng@yale.edu,7123417861,Male,Sioux City
18,Madelina,Gladman,mgladmanh@opera.com,8207293822,Female,Bangalore
19,Damita,Lilian,dliliani@usatoday.com,1616624927,Female,San José de Comayagua
20,Slade,Gilpillan,sgilpillanj@nifty.com,1672630326,Male,Badai
21,Stuart,Rushford,srushfordk@nationalgeographic.com,9211477124,Male,Keles Timur
22,Lenette,McFfaden,lmcffadenl@bbb.org,9906834378,Female,Yanaul
23,Joseph,Greenfield,jgreenfieldm@berkeley.edu,4737761375,Male,Daping
24,Charlotta,Beringer,cberingern@wikispaces.com,3867280675,Female,Sīrīs
25,Georgina,Sawkin,gsawkino@shutterfly.com,3028479803,Female,São Gabriel da Cachoeira
26,Alameda,Antonacci,aantonaccip@is.gd,4987882641,Female,Kawambwa
27,Wilek,Gorgler,wgorglerq@behance.net,7285074585,Polygender,Dongting
28,Jeffie,Sentance,jsentancer@umn.edu,2099787908,Non-binary,Sorol
29,Ric,Jerratsch,rjerratschs@marketwatch.com,5267546524,Male,Barretos
30,Pearline,Peatman,ppeatmant@auda.org.au,5317644030,Female,Taquile
31,Alyse,Dahle,adahleu@xrea.com,3577973288,Non-binary,Rouen
32,Elston,Zorzoni,ezorzoniv@howstuffworks.com,5045813796,Male,Reshetnikovo
33,Abbie,Broxis,abroxisw@netscape.com,6117365850,Female,San Roque
34,Keeley,Silley,ksilleyx@nytimes.com,8431081599,Female,Diffa
35,Jeddy,Cramer,jcramery@twitpic.com,2236891522,Male,Rude
36,Ara,Cockrell,acockrellz@bbc.co.uk,8342182093,Female,Aḑ Ḑil‘
37,Johnette,Robathon,jrobathon10@uol.com.br,5521153724,Female,El Crucero
38,Christina,Portsmouth,cportsmouth11@usatoday.com,3115842636,Genderfluid,Xiaojie
39,Rosemaria,Bastiman,rbastiman12@wordpress.com,5249262906,Female,Caper
40,Fidel,Eburah,feburah13@edublogs.org,1028430774,Male,Manukau City
41,Gaspard,Dumelow,gdumelow14@globo.com,5151495972,Male,Krasnogorodskoye
42,Charlie,Siddeley,csiddeley15@businessweek.com,9974669305,Male,Versailles
43,Artur,Mor,amor16@canalblog.com,6132473907,Male,Farroupilha
44,Brena,Shelmardine,bshelmardine17@who.int,1601244560,Female,Balazar
45,Sybille,Arnoll,sarnoll18@admin.ch,2481269199,Female,Batangan
46,Waylan,Vasyukov,wvasyukov19@ca.gov,8005752339,Male,Xinsheng
47,Janessa,Densumbe,jdensumbe1a@opera.com,8148096220,Female,Gouménissa
48,Eva,McGarrell,emcgarrell1b@ezinearticles.com,4173409165,Female,Villa Paula de Sarmiento
49,Whitby,Phetteplace,wphetteplace1c@tumblr.com,1314226560,Male,Paghmān
50,Maurise,MacTague,mmactague1d@friendfeed.com,9995603216,Female,Salam
51,Benedick,Kunes,bkunes1e@vk.com,3196328377,Male,Julcamarca
52,Marquita,Bawme,mbawme1f@google.com.br,4632221187,Female,Pécs
53,Imogen,Hurdidge,ihurdidge1g@utexas.edu,5026905250,Female,Louisville
54,Shaughn,Chesney,schesney1h@google.co.jp,5111428385,Male,Uyugan
55,Abbey,Trevain,atrevain1i@yellowbook.com,6052205611,Male,Armação de Pêra
56,El,Giocannoni,egiocannoni1j@tumblr.com,5411357455,Male,Huozhuangzi
57,Alejoa,Filpo,afilpo1k@usgs.gov,6324221225,Male,Vilarinho das Cambas
58,Carmelia,Shakle,cshakle1l@google.ca,4043633997,Female,Pustá Polom
59,Cassandra,Leeuwerink,cleeuwerink1m@alibaba.com,1621897493,Female,Apopa
60,Glad,Perulli,gperulli1n@ovh.net,5222082243,Female,Banī Suhaylā
61,Dena,Cymper,dcymper1o@sitemeter.com,9284519316,Female,Kočevje
62,Dasha,Winks,dwinks1p@soundcloud.com,7388325495,Female,Oslo
63,Aili,Cull,acull1q@indiatimes.com,9431450519,Female,Wushan
64,Jonell,Spong,jspong1r@artisteer.com,2325545665,Female,Bordeaux
65,Gretna,Blofeld,gblofeld1s@uol.com.br,4848430796,Female,Bethlehem
66,Willey,Halloway,whalloway1t@ning.com,9954618642,Male,Antimácheia
67,Artair,Pedracci,apedracci1u@fc2.com,9078863204,Male,Khatsyezhyna
68,Bucky,Avrahamy,bavrahamy1v@moonfruit.com,3462285323,Polygender,Rudky
69,Marinna,Pycock,mpycock1w@multiply.com,7195133931,Female,Hayang
70,Cynde,Loble,cloble1x@amazonaws.com,9589629214,Female,Naushahro Fīroz
71,Julieta,Betz,jbetz1y@indiegogo.com,9881705855,Female,Agualote
72,Bevvy,Sheers,bsheers1z@ed.gov,2064220337,Female,Fulu
73,Edward,Baudon,ebaudon20@illinois.edu,6882163411,Male,Quangang
74,Romonda,Knellen,rknellen21@surveymonkey.com,5147470340,Agender,Kōfu-shi
75,Abramo,Joriot,ajoriot22@squarespace.com,4401649846,Male,‘Ayn al Bayḑā
76,Cello,Klaiser,cklaiser23@godaddy.com,5841703477,Male,Tsalka
77,Jeremy,Strognell,jstrognell24@yandex.ru,1596341076,Male,Ryazanskiy
78,Grete,Veivers,gveivers25@xrea.com,8899443703,Female,Franceville
79,Mellisent,Worsall,mworsall26@google.com,1809322205,Female,Araras
80,Jaymie,Shmyr,jshmyr27@lycos.com,6396117336,Male,Villa Consuelo
81,Caril,Chaundy,cchaundy28@rambler.ru,6516461271,Female,Olhão
82,Adelice,Goldring,agoldring29@people.com.cn,3077857328,Agender,Dongsheng
83,Correna,Olivello,colivello2a@utexas.edu,8685694607,Female,Ābdānān
84,Hughie,Lydiard,hlydiard2b@gnu.org,9628734940,Male,El Congo
85,Madlin,Barrand,mbarrand2c@bloglovin.com,1082849725,Female,Munturkaju
86,Vergil,Louys,vlouys2d@sciencedirect.com,8034026765,Male,Mont-Joli
87,Marketa,Grewar,mgrewar2e@hud.gov,5158696918,Female,Bangalore
88,Welby,O'Crevan,wocrevan2f@yale.edu,3291279202,Male,Bangalore
89,Hobart,Esson,hesson2g@admin.ch,8145583846,Male,Mont-de-Marsan
90,Bartram,Tieraney,btieraney2h@jimdo.com,8203665694,Male,Podebłocie
91,Roxy,Klaggeman,rklaggeman2i@skyrock.com,4086318686,Female,Jega
92,Burlie,Jirus,bjirus2j@dot.gov,3273176906,Male,Itabuna
93,Charles,O'Corrane,cocorrane2k@naver.com,7435472030,Male,Uttar Char Fasson
94,Bellanca,Dutt,bdutt2l@nih.gov,5418537846,Female,General La Madrid
95,Conroy,Deighton,cdeighton2m@list-manage.com,8115636136,Male,Bangalore
96,Ferrel,O'Flaherty,foflaherty2n@umich.edu,2357829899,Male,Bangalore
97,Dwight,Bulled,dbulled2o@webmd.com,9396791239,Male,Sanrao
98,Barris,Rookeby,brookeby2p@goo.gl,2801994597,Male,Dobczyce
99,Spike,Cudworth,scudworth2q@parallels.com,3525388761,Male,Caramuca
100,Clark,Schlagtmans,cschlagtmans2r@apache.org,7615543204,Male,Yanggu
101,Manny,Dellow,mdellow2s@amazon.com,1507582847,Male,Tshela
102,Romeo,Gannicleff,rgannicleff2t@comsenz.com,1139431496,Male,Marzhing
103,Angie,Lemerie,alemerie2u@bluehost.com,2686722945,Polygender,Puerto Natales
104,Karon,Norcock,knorcock2v@guardian.co.uk,7699442524,Female,Carmen
105,Gillan,Roset,groset2w@google.com.hk,9682873954,Female,Nong Hin
106,Roda,Conaghy,rconaghy2x@noaa.gov,3118026699,Female,Tangzhuang
107,Sylvan,Sly,ssly2y@rambler.ru,8953611341,Male,Pingpu
108,Mareah,Beaven,mbeaven2z@baidu.com,7679440459,Female,Tangnanzhen
109,Sharon,Hill,shill30@livejournal.com,3295106753,Female,Xambabazar
110,Adlai,Romme,aromme31@ask.com,5835859288,Genderqueer,Hujiaba
111,Frasier,Lindblad,flindblad32@dmoz.org,6041611999,Male,Bradag
112,Rozina,Costan,rcostan33@google.com.br,7865671666,Female,Chengzhong
113,Duffie,Faunch,dfaunch34@netlog.com,6156398627,Male,Niedźwiedź
114,Tillie,Pooly,tpooly35@drupal.org,1981599144,Female,Uchaly
115,Cos,Fearon,cfearon36@comsenz.com,2843366225,Male,Santo Isidro
116,Patin,Antonovic,pantonovic37@usnews.com,9188369447,Male,Mañazo
117,Ketti,Ottley,kottley38@dailymotion.com,5665429062,Female,Karátoulas
118,Dmitri,Lidington,dlidington39@typepad.com,4629486027,Genderqueer,Paris 13
119,Granny,Swetmore,gswetmore3a@soup.io,9479146329,Male,Rukunlima Bawah
120,Marline,Martinyuk,mmartinyuk3b@wunderground.com,8769558744,Female,Umeå
121,Washington,Caulcutt,wcaulcutt3c@google.com.br,7547684347,Male,Kenitra
122,Alys,O'Noulane,aonoulane3d@wordpress.com,2522761233,Female,Conception Bay South
123,Ellie,Jakubowicz,ejakubowicz3e@vimeo.com,4882566672,Female,Akashi
124,Adda,Arch,aarch3f@cbsnews.com,3579028223,Female,Zamość
125,Daphna,Boulder,dboulder3g@apple.com,6038835361,Female,Retiro
126,Wadsworth,Swindles,wswindles3h@java.com,4918102005,Male,Tynne
127,Elvyn,Kalinsky,ekalinsky3i@goo.ne.jp,1846092735,Male,Xieji
128,Aldric,Diggin,adiggin3j@nbcnews.com,2752647105,Male,Huangtang
129,Maxine,Blinkhorn,mblinkhorn3k@tuttocitta.it,5731692232,Female,Malata
130,Arch,Hartin,ahartin3l@thetimes.co.uk,4133514347,Non-binary,Tyoply Stan
131,Shelby,Coxhell,scoxhell3m@indiegogo.com,5795548391,Male,Sarzedo
132,Abner,Abba,aabba3n@squidoo.com,2562122451,Male,Lukavec
133,Henderson,Waud,hwaud3o@tiny.cc,9725027795,Male,Denton
134,Debra,Chastel,dchastel3p@ihg.com,2053921183,Female,Yawata
135,Brodie,Borleace,bborleace3q@utexas.edu,5181603114,Male,Corga
136,Bradford,Giannazzi,bgiannazzi3r@paypal.com,8714051334,Male,Longlou
137,Laverna,Goalley,lgoalley3s@sohu.com,6748166927,Female,Pechenizhyn
138,Shanan,Mundwell,smundwell3t@intel.com,7652875442,Male,Siikainen
139,Erastus,Yates,eyates3u@naver.com,6135959104,Male,Cà Mau
140,Derrik,Visco,dvisco3v@cdc.gov,8236563522,Male,Barra dos Coqueiros
141,Baron,Piggot,bpiggot3w@disqus.com,1962632998,Male,Лабуништа
142,Sheffie,Dabernott,sdabernott3x@studiopress.com,5449951205,Male,Santa Cruz
143,Gaultiero,O'Hickey,gohickey3y@elegantthemes.com,4039917862,Male,Auray
144,Alick,Obal,aobal3z@w3.org,1029202498,Male,Yangdun
145,Abramo,Sussams,asussams40@godaddy.com,5891037735,Male,Bendorubuh
146,Simon,Reimers,sreimers41@aboutads.info,5433185757,Male,Stepanivka
147,Jamill,Pierucci,jpierucci42@ow.ly,6196402986,Male,Kebonkalapa
148,Angela,Emblin,aemblin43@hubpages.com,4037311604,Female,Khartsyz’k
149,Bailie,McGovern,bmcgovern44@twitter.com,8019106897,Male,Zoumi
150,Giralda,Costock,gcostock45@marketwatch.com,6438785361,Female,Dongfeng
151,Timmy,Petlyura,tpetlyura46@ustream.tv,9157780995,Female,Machala
152,Hartley,Popworth,hpopworth47@timesonline.co.uk,4064306231,Male,Badajoz
153,Orin,Canner,ocanner48@php.net,1373186446,Male,Laï
154,Clerc,Bertelsen,cbertelsen49@google.it,1173549986,Male,Itaperuna
155,Chiarra,Wehden,cwehden4a@nasa.gov,5506866200,Female,Lyon
156,Horatius,Kielt,hkielt4b@un.org,2593119956,Male,Karangwaru
157,Audrie,Haton,ahaton4c@dmoz.org,1974247391,Female,Popovi
158,Sinclair,Cownden,scownden4d@woothemes.com,2307342811,Male,Huaitu
159,Hillel,Zemler,hzemler4e@mysql.com,3779980059,Male,Paseka
160,Drud,Esposita,desposita4f@mlb.com,9634105997,Male,Sevilla
161,Romonda,Hellcat,rhellcat4g@netscape.com,4508316986,Female,Bontoc
162,Roxanna,Shermar,rshermar4h@mayoclinic.com,9443153112,Female,Impendle
163,Joann,Jiranek,jjiranek4i@boston.com,6906417682,Female,Ambo Village
164,Miran,Mickleburgh,mmickleburgh4j@vk.com,7951856601,Female,Jungkat Selatan
165,Augustin,Golton,agolton4k@cbsnews.com,5439167086,Male,Studzionka
166,Egor,Lob,elob4l@mediafire.com,3921725652,Male,Jiading
167,Luce,Koppens,lkoppens4m@wordpress.com,3625356748,Male,Valbonë
168,Thebault,Boggish,tboggish4n@wired.com,3252963470,Male,Miaoshou
169,Dalia,Gerge,dgerge4o@jugem.jp,3158115452,Female,Dalam
170,Thibaud,Denisevich,tdenisevich4p@zimbio.com,6325296703,Male,La Romana
171,Nil,Winsome,nwinsome4q@domainmarket.com,8036965886,Male,São José do Rio Pardo
172,Nickolas,Jerrolt,njerrolt4r@netlog.com,4382199493,Male,Changpo
173,Cal,Myring,cmyring4s@hostgator.com,6819989824,Female,Goba
174,Alexandra,Ollive,aollive4t@samsung.com,8672945428,Female,Aqsay
175,Korella,Croci,kcroci4u@newyorker.com,5112420284,Female,San Antonio
176,Ezekiel,Geikie,egeikie4v@disqus.com,3119699681,Male,Demuk
177,Diannne,Bus,dbus4w@shop-pro.jp,6896479265,Female,Sishui
178,Baxy,Gerlts,bgerlts4x@zimbio.com,2161395415,Male,Talaibon
179,Kenna,Dressell,kdressell4y@e-recht24.de,4754563133,Female,Ban Mo
180,Reinhold,Glasscock,rglasscock4z@arstechnica.com,5012904160,Male,Zhelin
181,Ericha,Stave,estave50@webmd.com,8642042988,Female,Gedaliang
182,Daniela,Lilleman,dlilleman51@bing.com,2997930646,Female,Capacmarca
183,Tam,Klimkovich,tklimkovich52@quantcast.com,5784385654,Male,Ḩalabjah
184,Garrik,Fetherstan,gfetherstan53@cocolog-nifty.com,2944503022,Bigender,Ciburial
185,Aila,Coope,acoope54@shutterfly.com,1148403536,Female,Infonavit
186,Gideon,Fortin,gfortin55@sun.com,3129184397,Male,Tromsø
187,Laure,Deary,ldeary56@hhs.gov,4284359619,Female,Waldbillig
188,Sadella,Piscot,spiscot57@domainmarket.com,3036814578,Non-binary,Aurora
189,Pooh,Siney,psiney58@tmall.com,3602638522,Male,Parigi
190,Tonnie,Sivills,tsivills59@indiegogo.com,3682593985,Male,Linglu
191,Jolyn,Gabbott,jgabbott5a@flavors.me,9046794241,Genderqueer,Taobei
192,Greg,Baughn,gbaughn5b@cam.ac.uk,3477224877,Male,Bhimbar
193,Gardner,Parratt,gparratt5c@harvard.edu,7577675670,Male,Norfolk
194,Shannah,Sivess,ssivess5d@hud.gov,6101701461,Genderqueer,Ambon
195,Janaye,Glew,jglew5e@samsung.com,9532059678,Female,Kalapagenep
196,Anderson,Gammage,agammage5f@gizmodo.com,2043274221,Male,San Sebastián de Yalí
197,Trisha,Mackro,tmackro5g@yelp.com,3411234307,Female,Sarykemer
198,Bald,Bouttell,bbouttell5h@ocn.ne.jp,8049162901,Male,Novoukrayinka
199,Marris,Zecchinii,mzecchinii5i@webnode.com,5431511447,Female,Niwiska
200,Madelina,Burtwhistle,mburtwhistle5j@ucsd.edu,2462796922,Female,Cambuga
201,Andeee,McGaffey,amcgaffey5k@elegantthemes.com,7064104404,Female,San Lucas
202,Burnaby,Cranstone,bcranstone5l@naver.com,7124707793,Male,Murça
203,Amery,Manville,amanville5m@usda.gov,7318336957,Male,Kaiama
204,Jenica,Dehmel,jdehmel5n@squarespace.com,2354645173,Female,San Antonio
205,Kerby,Kinton,kkinton5o@biglobe.ne.jp,3624968854,Non-binary,Belén Gualcho
206,Shanna,Boler,sboler5p@rambler.ru,2198420125,Female,Kaya
207,Blanca,Thalmann,bthalmann5q@scientificamerican.com,7698079237,Female,Kangasala
208,Bruce,Andresser,bandresser5r@latimes.com,8406596191,Male,Jatinagara
209,Bayard,Heady,bheady5s@lulu.com,4234686310,Male,Zaragoza
210,Agna,Schlagh,aschlagh5t@4shared.com,3042880306,Female,Henghe
211,Werner,Mitchley,wmitchley5u@bigcartel.com,4989687407,Male,Stari Banovci
212,Malva,Kilcullen,mkilcullen5v@4shared.com,1906397787,Female,Erími
213,Clerkclaude,McCadden,cmccadden5w@yahoo.com,6165344500,Male,Damiku
214,Burke,Burdin,bburdin5x@list-manage.com,1103532957,Male,Hongqi
215,Electra,Faunch,efaunch5y@bloglovin.com,6952623463,Genderfluid,Bereeda
216,Meryl,Sherwell,msherwell5z@imdb.com,9475121392,Female,Sanrao
217,Wilmette,Goodhall,wgoodhall60@slashdot.org,2081553325,Female,Blangpulo
218,Leonanie,Land,lland61@altervista.org,7077507535,Female,Mont-Tremblant
219,Zita,Schimank,zschimank62@nasa.gov,2784314911,Female,Honghuatao
220,Cynthy,Tarplee,ctarplee63@parallels.com,1038584466,Female,Dmanisi
221,Waldemar,Wilne,wwilne64@wordpress.com,7488465267,Male,La Esperanza
222,Valera,Byng,vbyng65@mit.edu,5185877331,Female,Ochër
223,Susana,Eltone,seltone66@state.gov,7816598926,Female,Orurillo
224,Desi,Trewman,dtrewman67@harvard.edu,8776763072,Male,Quinta da Torre
225,Cosette,Howood,chowood68@craigslist.org,9298258470,Female,Shijiazhuang
226,Constantino,Cheater,ccheater69@devhub.com,5735184189,Male,Bystré
227,Curr,Anlay,canlay6a@ocn.ne.jp,6981615739,Male,Hezhai
228,Elisabeth,Whitwam,ewhitwam6b@shareasale.com,2122082563,Female,San Fernando del Valle de Catamarca
229,Karola,Willgoose,kwillgoose6c@pagesperso-orange.fr,2329004289,Female,Zhaojia
230,Obidiah,Bracken,obracken6d@aboutads.info,5299124710,Agender,Xinó Neró
231,Lindy,Littlemore,llittlemore6e@forbes.com,6946150135,Male,Castanheiro do Sul
232,Tiffany,Lochrie,tlochrie6f@nifty.com,8725639637,Female,São Domingos do Maranhão
233,Skippie,Eary,seary6g@hubpages.com,7362689133,Male,Nioro
234,Vivyanne,Dannatt,vdannatt6h@nationalgeographic.com,6582422800,Female,Guojiazhuang
235,Karly,Chislett,kchislett6i@yale.edu,4784884193,Female,Nanshe
236,Kennan,Sygrove,ksygrove6j@ca.gov,8805058467,Male,Villa Las Rosas
237,Josias,Caroli,jcaroli6k@phpbb.com,7106696451,Male,Kota Kinabalu
238,Abner,Brockherst,abrockherst6l@ucsd.edu,7314339124,Male,Chazón
239,Corrie,Skillanders,cskillanders6m@java.com,3913966182,Non-binary,Watulumbung
240,Gwenny,Pagnin,gpagnin6n@bloomberg.com,4996372326,Genderqueer,Timbulsari
241,Frankie,Winsor,fwinsor6o@eventbrite.com,7926553835,Polygender,Yaroslavl
242,Deonne,Meach,dmeach6p@chronoengine.com,4145872110,Female,Mbanza Congo
243,Clare,Rouby,crouby6q@typepad.com,6703548490,Female,Pakapasan Girang
244,Loy,Bromehed,lbromehed6r@house.gov,9502949233,Male,Gaozhai
245,Marcelo,La Batie,mlabatie6s@tumblr.com,2158433576,Bigender,Aban
246,Owen,Findlater,ofindlater6t@furl.net,4348958614,Male,Lamalewo
247,Carlynn,McCardle,cmccardle6u@unblog.fr,6328059434,Female,Jirjā
248,Kristen,Vearnals,kvearnals6v@tuttocitta.it,4028998875,Female,Mutengene
249,Inga,Palffy,ipalffy6w@slate.com,4036271613,Female,Cemplang
250,Diarmid,Godlip,dgodlip6x@europa.eu,4734896914,Male,Paris 14
251,Bradney,Buttfield,bbuttfield6y@bluehost.com,7683199609,Male,Dori
252,Othilie,Grovier,ogrovier6z@ucoz.ru,4168925299,Bigender,Oslo
253,Siward,Coupland,scoupland70@ask.com,4412356891,Male,Kijini
254,Kitty,Kinkead,kkinkead71@tuttocitta.it,1731714581,Female,Banda Layung
255,Leonie,Bartoli,lbartoli72@businesswire.com,1194635081,Female,Vila Boa do Bispo
256,Valery,Spurett,vspurett73@twitpic.com,9592436163,Female,Benito Juarez
257,Nady,Castellet,ncastellet74@nationalgeographic.com,1979614728,Bigender,Torre
258,Yuri,Barber,ybarber75@etsy.com,1403270635,Male,Pinoma
259,Syd,Hasney,shasney76@oakley.com,3886924380,Male,Jatinagara
260,Stephana,Jindrich,sjindrich77@homestead.com,9118269125,Female,Gort
261,Leonidas,Andrichak,landrichak78@diigo.com,9139268908,Male,Nahuo
262,Krystalle,Carlos,kcarlos79@seesaa.net,2252241188,Female,Tulay na Lupa
263,Granger,Mc Caughan,gmccaughan7a@cloudflare.com,5751053329,Agender,Francisco Villa
264,Janeen,Dickie,jdickie7b@biblegateway.com,9933995887,Female,Dorotea
265,Mart,Skaif,mskaif7c@symantec.com,2308650254,Male,Santa María de Ipire
266,Demetri,Boatwright,dboatwright7d@imgur.com,1074145086,Male,La Esperanza
267,Nathanial,Marques,nmarques7e@technorati.com,8556889168,Male,Imeni Babushkina
268,Skipp,Hartshorn,shartshorn7f@bbb.org,1919540169,Male,Bridel
269,Kimberlee,Domsalla,kdomsalla7g@hp.com,7522562384,Female,Linshui
270,Brett,Parkhouse,bparkhouse7h@hugedomains.com,5366819944,Male,Iaçu
271,Lanna,Antoney,lantoney7i@photobucket.com,7061961912,Female,Hluhluwe
272,Raleigh,Simionescu,rsimionescu7j@epa.gov,1056072724,Male,Xinjian
273,Lucie,Albiston,lalbiston7k@naver.com,2397823654,Female,Ostrów Lubelski
274,Geordie,Kienzle,gkienzle7l@indiegogo.com,2059592664,Male,Orahovac
275,Juline,Duinkerk,jduinkerk7m@economist.com,4195381538,Female,Kufa
276,Bordy,Goggins,bgoggins7n@meetup.com,6848602576,Male,Shilong
277,Cristine,Dumbelton,cdumbelton7o@digg.com,2787089481,Female,Mizunami
278,Lin,Chettoe,lchettoe7p@youku.com,9454399743,Male,Weiqi
279,Natal,Pindred,npindred7q@netscape.com,1902584939,Male,Bangalore
280,Marv,Drains,mdrains7r@t.co,5118346973,Male,Likhovskoy
281,Allie,O'Currigan,aocurrigan7s@phpbb.com,7035464004,Female,Lodan Wetan
282,Miner,Youhill,myouhill7t@ovh.net,3071199548,Male,Sandakan
283,Timoteo,Sleeford,tsleeford7u@desdev.cn,5595963193,Male,Bangalore
284,Grayce,Tuting,gtuting7v@sbwire.com,1699869295,Female,Peroguarda
285,Jess,Wason,jwason7w@twitpic.com,9799239354,Polygender,Bangalore
286,Jess,Crosi,jcrosi7x@sakura.ne.jp,1701974548,Female,Wensu
287,Jamesy,Simchenko,jsimchenko7y@vistaprint.com,5573591344,Male,Beloha
288,Rubia,Studders,rstudders7z@census.gov,8894931386,Female,Barranquilla
289,Lyndsey,Hancke,lhancke80@theguardian.com,4787992274,Female,Nova Odessa
290,Rayner,Boothe,rboothe81@trellian.com,8978859791,Male,Purut
291,Hannie,Archer,harcher82@chicagotribune.com,2844933103,Female,Nielisz
292,Alessandro,Clackson,aclackson83@vistaprint.com,1366998767,Male,Umbultanjung
293,Kora,Bunstone,kbunstone84@t.co,1969208785,Female,Blagoevgrad
294,Ezra,Spira,espira85@patch.com,1416204490,Male,Toledo
295,Rich,Alyukin,ralyukin86@forbes.com,7143933983,Male,Dalubian
296,Arman,Egle,aegle87@wired.com,1477270541,Male,Älvsjö
297,Bevin,Huzzey,bhuzzey88@time.com,4239390718,Male,Sathon
298,Vitoria,Swettenham,vswettenham89@typepad.com,5562511607,Female,Lampuyang
299,Piggy,Conquer,pconquer8a@spiegel.de,8604097068,Male,Gustavia
300,Neysa,Carbin,ncarbin8b@wordpress.com,1962634549,Female,Luzon
301,Crystie,Moyers,cmoyers8c@intel.com,6096724508,Female,Gasri
302,Tedra,Schouthede,tschouthede8d@jalbum.net,5308850606,Female,Qianfoling
303,Lorna,Watkinson,lwatkinson8e@fc2.com,3339496822,Female,Riihimäki
304,Heath,Fannin,hfannin8f@huffingtonpost.com,8033064799,Female,Mamuša
305,Clerissa,McKue,cmckue8g@godaddy.com,4124794475,Female,Bangalore
306,Siffre,McCumesky,smccumesky8h@army.mil,9731770943,Male,Har Nur
307,Milena,Kohneke,mkohneke8i@g.co,3982725734,Female,Gwanda
308,Erin,Lubeck,elubeck8j@phpbb.com,4819239856,Female,Lukunor
309,Phillipp,Clewett,pclewett8k@cmu.edu,7986960703,Male,Bangalore
310,Fernanda,Storrs,fstorrs8l@vk.com,9031677566,Female,Ban Khok
311,Marabel,Zorzini,mzorzini8m@naver.com,1186254424,Female,Santa Ana
312,Aldus,Crosham,acrosham8n@hugedomains.com,9848888239,Polygender,Cibangban Girang
313,Rudiger,Barnish,rbarnish8o@va.gov,5437091527,Polygender,Trondheim
314,Catlee,Grigore,cgrigore8p@naver.com,9423625039,Female,Bongbong
315,Ottilie,Covet,ocovet8q@illinois.edu,7136349183,Female,Bangalore
316,Welsh,McCoish,wmccoish8r@rambler.ru,9324568026,Male,Francisco I Madero
317,Freeland,MacCaull,fmaccaull8s@wikimedia.org,5753860490,Male,Delodpeken
318,Sally,Tertre,stertre8t@wsj.com,7785811218,Female,Liuzikou
319,Mickie,Besemer,mbesemer8u@seattletimes.com,4955245734,Female,Sadar Bazar
320,Ezequiel,Hubbins,ehubbins8v@nydailynews.com,8014613996,Male,Susaki
321,Lynnell,Duckering,lduckering8w@ft.com,3454253381,Genderqueer,Xinpo
322,Morena,Keynes,mkeynes8x@princeton.edu,7351966063,Agender,Leiguan
323,Aubrey,Vedekhin,avedekhin8y@bbb.org,6771530952,Female,Jember
324,Gillian,Lilburn,glilburn8z@etsy.com,8298081541,Female,Wuluo
325,Isobel,McKea,imckea90@uiuc.edu,8553881006,Female,Leticia
326,Jerrilyn,Gaymer,jgaymer91@disqus.com,7924366422,Female,Kujung
327,Lancelot,McKeating,lmckeating92@sohu.com,7125427181,Male,Bangangté
328,Courtney,Wheatland,cwheatland93@github.io,5703179800,Male,Lianshi
329,Caren,Dallow,cdallow94@vk.com,5407879905,Female,Roanoke
330,Stacia,Boyton,sboyton95@rediff.com,8369599238,Female,Ban Ratsada
331,Danyelle,Jendrusch,djendrusch96@sina.com.cn,8481932707,Female,Şūrān
332,Maurie,Blazewski,mblazewski97@hostgator.com,1418039955,Male,Hongqi
333,Devlin,Shevelin,dshevelin98@ucoz.com,1461629036,Male,Umm as Summāq
334,Riki,Niccols,rniccols99@opensource.org,4188513165,Female,Buk
335,Caryn,Dounbare,cdounbare9a@sina.com.cn,8879682653,Female,Pailitas
336,Everard,Gegay,egegay9b@msu.edu,2217566734,Male,Weibin
337,Tabbi,Runnett,trunnett9c@webmd.com,9923465459,Female,Sitovo
338,Delilah,Brunning,dbrunning9d@biglobe.ne.jp,8024448690,Female,Tanūmah
339,Ariela,Morfey,amorfey9e@nifty.com,4867700257,Genderqueer,Goiatuba
340,Blair,Chittenden,bchittenden9f@nba.com,2475314601,Male,Sovetskoye
341,Garwood,Bazek,gbazek9g@goo.ne.jp,7697936057,Male,Jeziorany
342,Anthony,Malacrida,amalacrida9h@time.com,1458450096,Male,Jiaocun
343,Car,Strowther,cstrowther9i@gravatar.com,7536265831,Male,Mogi Mirim
344,Jeanelle,Polon,jpolon9j@netscape.com,1428475344,Female,Mauloo
345,Auria,Meese,ameese9k@yelp.com,9947934947,Female,Sheregesh
346,Field,M'Quharg,fmquharg9l@barnesandnoble.com,5308728736,Male,Laagri
347,Georges,Aldgate,galdgate9m@ask.com,7249250235,Male,Youxi
348,Adolph,Petrillo,apetrillo9n@ucoz.ru,8706246791,Male,Arţās
349,Joni,Zannotti,jzannotti9o@sciencedirect.com,8373609589,Female,Al Manshāh
350,Hillary,Berzins,hberzins9p@rakuten.co.jp,2244716071,Male,Montfort-sur-Meu
351,Trace,Chattock,tchattock9q@dell.com,9901137735,Male,Dabai
352,Nadine,Soars,nsoars9r@nymag.com,9302398998,Female,Caluire-et-Cuire
353,Langsdon,Goning,lgoning9s@t.co,8453028132,Male,Courtaboeuf
354,Redford,Shills,rshills9t@dion.ne.jp,9405084999,Male,Gambut
355,Dirk,Betonia,dbetonia9u@hc360.com,7399161892,Male,Kuala Lumpur
356,Alexandro,Vanichkin,avanichkin9v@123-reg.co.uk,8011143869,Male,Banjar Dauhmargi
357,Frieda,Kempster,fkempster9w@mtv.com,5564789963,Female,Salaza
358,Grange,Readings,greadings9x@howstuffworks.com,3607121993,Male,Ipoh
359,Chas,Klemensiewicz,cklemensiewicz9y@paypal.com,6623947571,Male,Hongxi
360,Far,Hourston,fhourston9z@nsw.gov.au,2182909903,Male,Boissevain
361,Adela,Escofier,aescofiera0@ehow.com,3571436677,Female,Ia Kha
362,Eadmund,Seiler,eseilera1@cbc.ca,7753314715,Non-binary,Zhuangta
363,Roselin,Butfield,rbutfielda2@boston.com,9968647406,Female,Dongke
364,Mead,Iacobo,miacoboa3@trellian.com,8296956795,Female,Berezniki
365,Teirtza,Ducker,tduckera4@indiatimes.com,5704926090,Female,Volzhsk
366,Kit,MacHarg,kmacharga5@eepurl.com,9055159373,Male,Habo
367,Amos,Quaife,aquaifea6@bloglines.com,8649248314,Male,Spartanburg
368,Kristo,Lankham,klankhama7@constantcontact.com,5678387109,Polygender,Kalangsari
369,Rustie,Trask,rtraska8@ehow.com,8883990662,Male,Saint-Bruno-de-Montarville
370,Hal,Keough,hkeougha9@hhs.gov,8388149593,Male,Tumpukrenteng
371,Lock,Benitti,lbenittiaa@barnesandnoble.com,6679736874,Male,Ifanadiana
372,Abran,Batey,abateyab@ucla.edu,6383980476,Male,Shijia
373,Siegfried,Purkess,spurkessac@wix.com,9306878019,Male,Sukaraja
374,Phip,Gallaway,pgallawayad@elpais.com,9903687392,Male,Mirontsi
375,Lusa,Meindl,lmeindlae@latimes.com,4284677069,Female,Izyaslav
376,Paolo,McNevin,pmcnevinaf@examiner.com,2256189240,Male,General Manuel J. Campos
377,Heindrick,Cay,hcayag@xing.com,3397036621,Male,Thủ Thừa
378,Kerianne,Torri,ktorriah@ning.com,3056616827,Female,Noemuti
379,Delaney,Dearden,ddeardenai@discovery.com,6912708325,Male,Kostrzyn nad Odrą
380,Binny,Troy,btroyaj@slate.com,3899697355,Female,Momignies
381,Clayborn,Sugden,csugdenak@blogspot.com,1758899414,Non-binary,Karatau
382,Micheal,Tullot,mtullotal@themeforest.net,2768050514,Male,Salaverry
383,Nealy,Guillon,nguillonam@webmd.com,2907412276,Male,Helsingborg
384,Grannie,Pashby,gpashbyan@multiply.com,6447931044,Male,Cikomara
385,Madge,Womack,mwomackao@techcrunch.com,7054523103,Female,Bembèrèkè
386,Dana,Luckham,dluckhamap@comsenz.com,4834604976,Non-binary,Castanheiro do Sul
387,Keenan,Ebbage,kebbageaq@fema.gov,6601437065,Male,Talaibon
388,Delainey,Golborn,dgolbornar@t.co,9909124951,Male,Brest
389,Juliann,Paddison,jpaddisonas@ustream.tv,4612069342,Female,Novaya Usman’
390,Lorne,Cherry,lcherryat@chronoengine.com,7995844498,Male,Ganchazi
391,Brynne,Warnock,bwarnockau@instagram.com,5986786912,Female,Čortanovci
392,Nonah,Bockmaster,nbockmasterav@indiatimes.com,6739520701,Female,Del Pilar
393,Win,Whiffen,wwhiffenaw@sina.com.cn,8875601192,Polygender,Sioguí Abajo
394,Ryon,Oakshott,roakshottax@phpbb.com,8971408940,Male,Guaíra
395,Siouxie,Spilstead,sspilsteaday@time.com,7734252395,Female,Curiapo
396,Sarena,Gentzsch,sgentzschaz@vistaprint.com,6729911312,Female,Sidamukti
397,Fidela,Haddock,fhaddockb0@1688.com,8282765277,Female,Leidian
398,Raf,Fairweather,rfairweatherb1@dot.gov,6775979708,Female,Pamarayan
399,Mellie,Mabbett,mmabbettb2@globo.com,5009406780,Female,Uchkulan
400,Angelina,Haslin,ahaslinb3@amazon.de,9367836157,Female,Pryyutivka
401,Otis,Ace,oaceb4@disqus.com,9642214398,Male,Xiangjiazhai
402,Moria,Shambrook,mshambrookb5@reverbnation.com,4428759226,Female,Gangbei
403,Paddie,Pierrepont,ppierrepontb6@linkedin.com,2133578306,Male,Yelenendorf
404,Stephani,Alleyne,salleyneb7@va.gov,6066220695,Female,Anto
405,Gian,Ivins,givinsb8@flavors.me,7259970824,Male,Puerto Varas
406,Susanna,Dewey,sdeweyb9@archive.org,4497136312,Female,Oetutulul
407,Alick,Hadlington,ahadlingtonba@europa.eu,9475659494,Male,Freiria
408,Sanderson,Yuryichev,syuryichevbb@skyrock.com,9957159275,Male,Marilao
409,Amandie,Isherwood,aisherwoodbc@tinypic.com,2567721274,Female,Loureiro
410,Saidee,Fortune,sfortunebd@1688.com,2928694127,Female,Stockholm
411,Stella,Carruthers,scarruthersbe@digg.com,6675797080,Female,Zhanghua
412,Leroy,Buchanan,lbuchananbf@ucla.edu,9046568682,Male,Mizhirah
413,Seward,Vittel,svittelbg@com.com,6441579886,Male,Hendaye
414,Rowan,Ronchetti,rronchettibh@mac.com,6348847618,Genderqueer,Rakszawa
415,Chester,Canon,ccanonbi@theatlantic.com,9897629065,Male,Hele
416,Noelle,Gommey,ngommeybj@t.co,7261703601,Female,Néo Psychikó
417,Gerry,Eloy,geloybk@twitter.com,7585506702,Male,Wudil
418,Nathanael,Lafrentz,nlafrentzbl@senate.gov,6002455264,Male,Lupo
419,Orrin,Mushawe,omushawebm@tripod.com,7345653588,Male,Metapán
420,Jewelle,MacKee,jmackeebn@chicagotribune.com,1197277532,Female,Araripina
421,Sherie,Jordanson,sjordansonbo@opensource.org,2708098966,Agender,Les Abymes
422,Carling,Brockhurst,cbrockhurstbp@simplemachines.org,8632771033,Male,Santa Maria
423,Hobard,Gretton,hgrettonbq@umn.edu,4203108520,Male,Daqingshan
424,Roch,Scrancher,rscrancherbr@earthlink.net,6461899954,Female,Gotemba
425,Barnebas,O'Neal,bonealbs@netlog.com,2821486757,Male,Na Di
426,Dyann,Gherardesci,dgherardescibt@addtoany.com,1498095457,Female,Tužno
427,Zak,Kann,zkannbu@kickstarter.com,8613226544,Male,Anserma
428,Jania,McNiven,jmcnivenbv@vistaprint.com,1964127760,Female,Osoyoos
429,Chloe,Freiburger,cfreiburgerbw@netvibes.com,2161520148,Female,Bella Vista
430,Stanfield,Piesing,spiesingbx@blogtalkradio.com,6249930339,Male,Tripoli
431,Godfree,Woodford,gwoodfordby@shinystat.com,7284708557,Male,Gaya
432,Thaddeus,Mirfin,tmirfinbz@pen.io,2674633108,Male,Tiout
433,Herve,Ellinor,hellinorc0@home.pl,4599587251,Male,Barbosa
434,Emyle,Juanico,ejuanicoc1@telegraph.co.uk,8436093388,Female,Daeosin Satu
435,Maxim,Kochel,mkochelc2@loc.gov,1596816152,Male,Tanjungjaya
436,Yolande,Sainte Paul,ysaintepaulc3@sfgate.com,5623448781,Female,San Francisco
437,Ellette,Purchall,epurchallc4@hatena.ne.jp,6985545806,Female,Santo Rosario
438,Min,Stickford,mstickfordc5@gmpg.org,3398778855,Genderfluid,Franco da Rocha
439,Red,Taleworth,rtaleworthc6@tripod.com,1893423236,Male,Delson
440,Annabel,Manon,amanonc7@theglobeandmail.com,5652260426,Female,Xiaxindian
441,Shelton,Catford,scatfordc8@elegantthemes.com,7961140295,Male,Patnongon
442,Ava,Francklyn,afrancklync9@abc.net.au,2589544765,Female,Ban Nahin
443,Mozelle,Milson,mmilsonca@netvibes.com,2759587313,Female,Santiago
444,Clement,Grovier,cgroviercb@squarespace.com,6577399490,Male,Haiyang
445,Thorstein,Jurca,tjurcacc@soundcloud.com,9737300815,Non-binary,Karawatu
446,Erie,Blind,eblindcd@jiathis.com,6527312844,Male,Viedma
447,Zaccaria,Iacopetti,ziacopettice@xinhuanet.com,3573410007,Male,Huangshi
448,Letizia,Lacase,llacasecf@abc.net.au,1314119452,Female,Tapera
449,Aida,O' Clovan,aoclovancg@zimbio.com,4191990707,Female,Mandal
450,Everard,Minor,eminorch@amazon.com,4042211894,Male,Kybartai
451,Minne,Neesham,mneeshamci@people.com.cn,1194195435,Female,Kota Kinabalu
452,Gordan,Conibeer,gconibeercj@aboutads.info,6125506612,Male,Saint-Pierre
453,Danita,Aberdeen,daberdeenck@ask.com,7715392167,Female,Yantan
454,Annice,Tockell,atockellcl@bloglovin.com,5593335004,Female,Šibenik
455,Neil,Lonsbrough,nlonsbroughcm@si.edu,5666973755,Male,Žatec
456,Teodorico,Glasper,tglaspercn@reddit.com,4996948265,Male,Balboa
457,Rosco,Knapman,rknapmanco@list-manage.com,2322291140,Male,Zhendong
458,Meridel,Philcox,mphilcoxcp@1688.com,4586919388,Female,Dhaka
459,Debera,Rawlins,drawlinscq@reuters.com,5746527428,Female,Woshui
460,Kayley,Temlett,ktemlettcr@wired.com,1415075641,Female,Duwakbuter
461,Andy,Headley,aheadleycs@google.com.br,1321167711,Male,Rivière-du-Loup
462,Eleen,Pershouse,epershousect@histats.com,6464677819,Female,Alençon
463,Fonsie,Pinfold,fpinfoldcu@gmpg.org,9053577131,Male,Brumadinho
464,Berty,Overstall,boverstallcv@behance.net,7693085120,Female,Le Mans
465,Karel,Stener,kstenercw@hc360.com,1346599470,Female,Ramalhal
466,Imogene,Maccrie,imaccriecx@amazon.de,5154284351,Female,Lajedo
467,Vivian,Braben,vbrabency@dion.ne.jp,2008636116,Female,Ozorków
468,Bill,Pentelo,bpentelocz@stumbleupon.com,9181487874,Female,Vrilissia
469,Zara,Boldero,zbolderod0@sbwire.com,6037476931,Female,Huatanshan
470,Arther,Mockler,amocklerd1@xinhuanet.com,5861321242,Male,Leudelange
471,Georgy,Cuppleditch,gcuppleditchd2@intel.com,8066123920,Male,Nyalindung
472,Wallis,Fairbairn,wfairbairnd3@is.gd,2104176702,Male,Lederaba
473,Verge,Hafner,vhafnerd4@de.vu,4954453791,Male,Kyela
474,Margaret,Seares,msearesd5@istockphoto.com,1368504668,Female,Clermont-Ferrand
475,Aubree,Savidge,asavidged6@bbb.org,6553099859,Female,Aygavan
476,Ellie,Ovitz,eovitzd7@aboutads.info,2507386589,Female,Azor
477,Loraine,Stennet,lstennetd8@oracle.com,7027053312,Female,Myronivka
478,Dorie,Clarke-Williams,dclarkewilliamsd9@reddit.com,8883101735,Polygender,Jiayuguan
479,Sharona,Adnam,sadnamda@i2i.jp,6524118721,Female,Xiabao
480,Anestassia,Lande,alandedb@unicef.org,9023147338,Female,Xianchiyu
481,Kyle,Sieur,ksieurdc@typepad.com,6665934458,Female,Koktokay
482,Elliot,Wreford,ewreforddd@theatlantic.com,9848448088,Male,Le Grand-Quevilly
483,Hugues,Ondra,hondrade@nifty.com,3181821550,Male,Kushar
484,Arvy,Penhall,apenhalldf@ucoz.ru,4874391739,Male,Chengtang
485,Garrik,Suermeier,gsuermeierdg@independent.co.uk,9423890640,Male,Shangxian
486,Donni,Mourant,dmourantdh@e-recht24.de,6059476828,Female,Qal‘eh-ye Khvājeh
487,Fidela,Abbes,fabbesdi@barnesandnoble.com,9022342002,Female,Iecava
488,Dmitri,O'Crotty,docrottydj@ovh.net,5741397598,Male,El Carmen
489,Granville,Naseby,gnasebydk@123-reg.co.uk,5728163769,Male,Las Garcitas
490,Matelda,Mussotti,mmussottidl@parallels.com,5432099639,Female,Kaniów
491,Benedetto,de Banke,bdebankedm@squarespace.com,5553425804,Male,Hamburg
492,Warner,Gudeman,wgudemandn@ovh.net,5685505065,Male,Kiszkowo
493,Catrina,Tudbald,ctudbalddo@opensource.org,3957050662,Female,Diego de Almagro
494,Janie,Zupa,jzupadp@geocities.jp,5304124764,Female,Rates
495,Koo,Styche,kstychedq@sogou.com,3822976083,Female,Oja
496,Amabelle,Stephens,astephensdr@squidoo.com,7656486692,Agender,Yamango
497,Kasper,Eymer,keymerds@weather.com,7947443971,Genderfluid,Podu
498,Travers,Prestwich,tprestwichdt@toplist.cz,1102516220,Male,Taisen-ri
499,Ashbey,Giraudy,agiraudydu@studiopress.com,8137337140,Male,Delvinë
500,Katee,Robley,krobleydv@jalbum.net,2428107918,Female,El Regalo
501,Cherey,Balke,cbalkedw@wikipedia.org,5122166804,Genderqueer,San Nicolás
502,Vicki,Jeandel,vjeandeldx@dropbox.com,9576982614,Female,Houzhen
503,Heinrik,Willey,hwilleydy@engadget.com,6402322451,Male,Lederaba
504,Micah,Tulloch,mtullochdz@house.gov,3727648613,Male,Taochuan
505,Gerry,Lamort,glamorte0@globo.com,2345095843,Female,Baolin
506,Dorthea,Skedgell,dskedgelle1@google.de,4837619045,Non-binary,Cofimvaba
507,Sascha,Coltart,scoltarte2@about.com,1924925275,Female,Nakatsugawa
508,Terrell,Gristwood,tgristwoode3@comcast.net,7435216750,Male,Pribrezhnyy
509,Zelda,Fonzo,zfonzoe4@youku.com,8974512663,Female,Even Yehuda
510,Markus,Tregent,mtregente5@weibo.com,7968377789,Male,Cergy-Pontoise
511,Lazarus,Playle,lplaylee6@vistaprint.com,3092026891,Male,Pryamitsyno
512,Eugenia,Howsin,ehowsine7@seesaa.net,8039967135,Female,Bolesławiec
513,Iorgo,MacGarrity,imacgarritye8@dot.gov,7658206184,Male,Benito Juarez
514,Ferris,Ventam,fventame9@google.cn,9321629871,Male,Tyresö
515,Willis,Calderon,wcalderonea@guardian.co.uk,8188065637,Male,Salisbury
516,Ric,Beverstock,rbeverstockeb@kickstarter.com,8444213746,Male,Gaoqiaolou
517,Donavon,Hasley,dhasleyec@telegraph.co.uk,3191137669,Male,Marki
518,Raimund,Grievson,rgrievsoned@homestead.com,4666132408,Male,Buseresere
519,Bette,Lindberg,blindbergee@sogou.com,8679531597,Female,Guisa
520,Cheri,Cleevely,ccleevelyef@g.co,8296370402,Female,Borovoy
521,Shaylyn,Bartosiak,sbartosiakeg@psu.edu,8018347282,Female,Zhuangxing
522,Borden,Hacquoil,bhacquoileh@earthlink.net,9407570533,Male,Iwade
523,Michal,Rogers,mrogersei@mlb.com,4895852830,Female,Södra Sandby
524,Tiler,Blount,tblountej@phoca.cz,7036135664,Male,Tornio
525,Xena,Kingswood,xkingswoodek@cdc.gov,4728448546,Female,Cam Ranh
526,Jedd,Ivanchenkov,jivanchenkovel@springer.com,6603866139,Male,Rio de Mouro
527,Kurt,Meakin,kmeakinem@pcworld.com,1314195044,Non-binary,Ranong
528,Tilly,Corrin,tcorrinen@bloglines.com,8205255308,Female,Orleans
529,Dollie,Wittman,dwittmaneo@mlb.com,6122648647,Female,Kyzyl-Kyya
530,Gery,Grote,ggroteep@virginia.edu,4281189005,Male,Saint-Quentin-en-Yvelines
531,Veriee,Messenger,vmessengereq@cbslocal.com,8002884455,Female,Kuybyshev
532,Cordelia,Spedroni,cspedronier@time.com,9575704580,Female,Níkaia
533,Mavis,Skyme,mskymees@flavors.me,2379940042,Female,Takeo
534,Nicko,Acreman,nacremanet@mlb.com,1897566237,Genderqueer,Chvaletice
535,Franz,Dodding,fdoddingeu@google.com.au,3671129291,Male,Black River
536,Carmencita,Wickenden,cwickendenev@pcworld.com,6146433551,Female,Danirai
537,Robbyn,Coyne,rcoyneew@techcrunch.com,2268022515,Female,Compiègne
538,Ludwig,Vanichkin,lvanichkinex@csmonitor.com,2521832359,Male,Falkenberg
539,Padraic,Jupe,pjupeey@icq.com,7897012406,Male,Haparanda
540,Sigrid,Spurge,sspurgeez@cbslocal.com,2642410334,Female,Maguling
541,Seward,Trynor,strynorf0@reverbnation.com,2104718356,Male,Kadupinang
542,Blakeley,Meldrum,bmeldrumf1@ycombinator.com,2885407770,Female,Same
543,Nikolia,Beech,nbeechf2@telegraph.co.uk,7237035302,Female,Taounza
544,Katalin,Sydenham,ksydenhamf3@barnesandnoble.com,7049514639,Female,Palla
545,Ahmad,Stanbury,astanburyf4@github.io,2924897685,Male,Gaoshan
546,Donnie,Vigers,dvigersf5@columbia.edu,7338349915,Male,Al Mazra‘ah
547,Reagan,Iozefovich,riozefovichf6@paginegialle.it,1122901355,Polygender,Katrineholm
548,Cissy,McCrackan,cmccrackanf7@ycombinator.com,5674026105,Female,Kelowna
549,Giulia,Scroyton,gscroytonf8@example.com,9705247610,Female,Velika Kladuša
550,Anjanette,Node,anodef9@noaa.gov,3541570900,Female,Lutou
551,Lynett,Swetman,lswetmanfa@wired.com,1083977379,Female,Vel’sk
552,Mariellen,Oliveto,molivetofb@yahoo.co.jp,4692371495,Female,Coromandel
553,Lindsey,Florentine,lflorentinefc@github.com,5561125709,Agender,Łubnice
554,Hillyer,Badwick,hbadwickfd@ox.ac.uk,8702461090,Male,Ruše
555,Bernette,Gable,bgablefe@furl.net,5843130646,Female,Gambang
556,Calhoun,Machel,cmachelff@eventbrite.com,7989164462,Male,Colatina
557,Chas,Stredder,cstredderfg@eepurl.com,3616127408,Male,Corpus Christi
558,Immanuel,Struys,istruysfh@sphinn.com,9063563622,Male,Majur
559,David,Dot,ddotfi@t-online.de,5629913039,Male,Camgyai
560,Stepha,Rubbert,srubbertfj@hao123.com,8567489342,Female,Chulakivka
561,Jonell,Stearne,jstearnefk@google.cn,7517687032,Genderfluid,Yuanshanzi
562,Cordie,Spracklin,cspracklinfl@independent.co.uk,8427453908,Non-binary,Pampachiri
563,Blaine,McKendo,bmckendofm@homestead.com,3459266178,Male,Prince Albert
564,Clayson,Garritley,cgarritleyfn@about.me,4266828791,Male,Ceper
565,Gerri,Norvill,gnorvillfo@creativecommons.org,2483205024,Male,Pinhal General
566,Rozella,Burgher,rburgherfp@bloglines.com,4041377001,Female,Tiantang
567,Feodora,Pembridge,fpembridgefq@admin.ch,9001441797,Female,Yaqian
568,Elvina,Krabbe,ekrabbefr@multiply.com,7653772691,Female,Ognevka
569,Thoma,Cleeves,tcleevesfs@europa.eu,1454368883,Male,Luniao
570,Charmaine,O'Donegan,codoneganft@google.de,2568988046,Genderqueer,Rū-ye Sang
571,Forbes,Siebart,fsiebartfu@samsung.com,7427175454,Male,Edgeworthstown
572,Matty,Elen,melenfv@constantcontact.com,7607966748,Female,Luleå
573,Jessie,Polhill,jpolhillfw@google.com.hk,6454115524,Genderfluid,Hongqi
574,Emmie,Sposito,espositofx@apache.org,3131569272,Female,Tekik Wetan
575,Haskell,Scandred,hscandredfy@aboutads.info,5518811412,Male,Ukhta
576,Hamlen,Harriday,hharridayfz@japanpost.jp,3402756371,Genderfluid,Nancun
577,Lana,Arondel,larondelg0@dagondesign.com,3132238997,Female,Saint-Eustache
578,Neale,Fielder,nfielderg1@utexas.edu,5555628231,Male,Santa Monica
579,Jemmy,Poinsett,jpoinsettg2@shutterfly.com,4616091228,Female,Wangjing
580,Derron,Steely,dsteelyg3@intel.com,3285023775,Male,Muara Sabak
581,Price,Elsmere,pelsmereg4@imdb.com,7092641882,Non-binary,Jiangkou
582,Cairistiona,Archell,carchellg5@parallels.com,4002513356,Female,Dumlan
583,Edd,Loxston,eloxstong6@stanford.edu,1453433936,Male,Changshan
584,Uriel,Fanner,ufannerg7@g.co,8482124923,Male,Joutseno
585,Pierette,Dyet,pdyetg8@bing.com,7642086914,Female,Malaga
586,Berke,Toffanini,btoffaninig9@taobao.com,7823587886,Male,Legen
587,Alissa,Cranson,acransonga@surveymonkey.com,8619297964,Female,Perlez
588,Kendrick,Zanetello,kzanetellogb@ehow.com,1574504940,Male,Langgen
589,Carmelita,Brockhouse,cbrockhousegc@flickr.com,1662053939,Agender,Bacuyangan
590,Louella,Bagniuk,lbagniukgd@wufoo.com,5373879975,Female,Yujiao
591,Justine,Pieterick,jpieterickge@barnesandnoble.com,8498869470,Female,Tripoli
592,Vito,Linsey,vlinseygf@yandex.ru,4638245190,Male,Baitu
593,Lee,Suscens,lsuscensgg@privacy.gov.au,7978069770,Female,Niverville
594,Luke,Davidof,ldavidofgh@economist.com,2359745814,Male,Paulo Afonso
595,Rafi,Lowthorpe,rlowthorpegi@tripod.com,7789169582,Male,Mardā
596,Germana,McCarl,gmccarlgj@webmd.com,8969799956,Female,Longxi
597,Cindi,Tennison,ctennisongk@marriott.com,3209375022,Female,Lyon
598,Wilow,Prinett,wprinettgl@newyorker.com,1472389050,Female,Biscoitos
599,Tadd,Szimoni,tszimonigm@canalblog.com,3712245922,Male,Tangier
600,Cassy,De Gregorio,cdegregoriogn@ovh.net,6301569607,Female,Tonota
601,Solomon,Mathelin,smathelingo@rediff.com,4588567932,Male,Cereté
602,Faustina,Murra,fmurragp@artisteer.com,9728163611,Female,Laingsburg
603,Matilda,Trowill,mtrowillgq@networkadvertising.org,1491066173,Female,Chengyang
604,Hazlett,Bezants,hbezantsgr@bluehost.com,2669122563,Male,Peña
605,Demott,Skey,dskeygs@51.la,6526840352,Male,Kotovo
606,Susette,Shuker,sshukergt@upenn.edu,6254420994,Female,Kaura Namoda
607,Raleigh,Kirtland,rkirtlandgu@w3.org,7686652874,Male,Chongmin
608,Renato,Mitchenson,rmitchensongv@weebly.com,6754238242,Non-binary,Yanmen
609,Frieda,Walthall,fwalthallgw@github.com,7712498272,Genderfluid,Nantian
610,Lorrie,Tappor,ltapporgx@washington.edu,9628663718,Male,Isidro Fabela
611,Marcie,Corrin,mcorringy@samsung.com,1366909501,Female,Ceres
612,Evvy,Caig,ecaiggz@economist.com,7616123114,Female,Chemal
613,Lauren,Hamil,lhamilh0@51.la,5473602607,Female,Spytkowice
614,Vinita,Bluschke,vbluschkeh1@guardian.co.uk,5192396089,Female,Frederiksberg
615,Vikki,Luter,vluterh2@usgs.gov,5049796676,Female,Jīt
616,Gunilla,Cominetti,gcominettih3@oracle.com,4205357453,Female,Coutances
617,Carola,Heaslip,cheasliph4@csmonitor.com,4981740140,Female,Nowa Sól
618,Carilyn,Hallewell,challewellh5@ft.com,5774245384,Female,Jesús María
619,Dolf,Easton,deastonh6@omniture.com,3208510631,Male,Zhuping
620,Doralynn,Hollingsbee,dhollingsbeeh7@archive.org,8788417560,Genderqueer,Jingtou
621,Udale,Sherburn,usherburnh8@squidoo.com,2512212054,Male,Jinhua
622,Jeniece,Jekel,jjekelh9@exblog.jp,1943907200,Female,Lingdi
623,Jonie,Landsman,jlandsmanha@ted.com,9754517842,Female,Paninggaran
624,Salomon,Hardway,shardwayhb@freewebs.com,8336337088,Male,Kapsabet
625,Hughie,But,hbuthc@nifty.com,8008264116,Male,Šenkovec
626,Giulio,Pallis,gpallishd@plala.or.jp,3658990302,Male,Nantes
627,Halley,Hughes,hhugheshe@biblegateway.com,6593080707,Female,Medaya
628,Frazier,Gislebert,fgisleberthf@wikipedia.org,2718943643,Male,Bang Bo
629,Barrie,Berndsen,bberndsenhg@studiopress.com,9361104505,Male,Pamoyanan
630,Corilla,Spearman,cspearmanhh@europa.eu,9979555405,Female,Antaparco
631,Xylina,Gresser,xgresserhi@ihg.com,4203888705,Female,Khūgyāṉī
632,Chad,Schwartz,cschwartzhj@123-reg.co.uk,5548697498,Male,Bay-ang
633,Berty,Cherrie,bcherriehk@unc.edu,9155135854,Female,Saga-shi
634,Mikael,Petheridge,mpetheridgehl@guardian.co.uk,3091219536,Male,Wiesbaden
635,Rayna,Rahlof,rrahlofhm@cbsnews.com,6257818721,Female,Otradnyy
636,Wallace,Cruxton,wcruxtonhn@google.ru,9348305647,Male,Dapuchaihe
637,Ardelia,Kyteley,akyteleyho@wisc.edu,4297577841,Genderqueer,Limulunga
638,Maitilde,Malletratt,mmalletratthp@elpais.com,5574646295,Female,Kameoka
639,Harlene,Passler,hpasslerhq@adobe.com,7097040447,Female,Solntsevo
640,Opaline,Ixor,oixorhr@slate.com,5318429862,Female,Ipubi
641,Correy,Levings,clevingshs@discovery.com,4058428449,Female,Baoshan
642,Zachariah,O' Kelleher,zokelleherht@census.gov,7297847866,Male,Balgarevo
643,Win,Southerton,wsouthertonhu@alexa.com,8752774570,Male,San Andres
644,Reamonn,Itzchaki,ritzchakihv@jalbum.net,6898474767,Male,Wādī al ‘Uyūn
645,Andee,Sandham,asandhamhw@indiatimes.com,1662338401,Female,Lamovita
646,Marietta,Yakovich,myakovichhx@bandcamp.com,6959898509,Female,Daniëlskuil
647,Maryl,Mountjoy,mmountjoyhy@nymag.com,2235819445,Bigender,Ginir
648,Stillmann,Knatt,sknatthz@dailymotion.com,1836330494,Male,Tatariv
649,Tyne,Itzak,titzaki0@opera.com,4855038186,Female,Nubl
650,Valle,McEachern,vmceacherni1@baidu.com,8139554694,Male,Idhnā
651,Mordy,Airds,mairdsi2@google.com.au,2612602914,Male,Jinjing
652,Izabel,Callway,icallwayi3@cdbaby.com,5546614268,Female,Deskáti
653,Myrlene,Hubbucke,mhubbuckei4@google.co.jp,6974433735,Female,Linpu
654,Lyndy,Maxwaile,lmaxwailei5@bbc.co.uk,8155983635,Female,Rockford
655,Nixie,Van der Velde,nvanderveldei6@sphinn.com,6652167012,Female,Yunping
656,Clea,Saket,csaketi7@youku.com,2498162834,Female,Jinshiqiao
657,Carolyne,Renfree,crenfreei8@addthis.com,9968224513,Female,Mucifal
658,Kessia,Sooper,ksooperi9@amazonaws.com,6694070145,Female,Bragança
659,Reginauld,Keech,rkeechia@i2i.jp,6431887668,Male,Las Trojes
660,Broderick,Bittany,bbittanyib@japanpost.jp,2795049136,Polygender,Sumiainen
661,Katharina,Barratt,kbarrattic@nature.com,2657497268,Bigender,Tuwa
662,Douglas,Mariyushkin,dmariyushkinid@github.io,9871278918,Male,Cabeçudos
663,Catlin,Aneley,caneleyie@tiny.cc,7545499959,Female,Kwangju
664,Nichole,Teasell,nteasellif@aol.com,5336542266,Male,Bzenec
665,Cornelia,Watchorn,cwatchornig@de.vu,6006905999,Female,Bzou
666,Cale,Lamblin,clamblinih@dmoz.org,6049732529,Male,Tifni
667,Tricia,Allaway,tallawayii@goo.ne.jp,8053998608,Female,Vis
668,Tamas,Sulland,tsullandij@seattletimes.com,4935665582,Male,Al Mughayyir
669,Frederick,Struttman,fstruttmanik@bluehost.com,2793034006,Male,Marly
670,Juliette,Blum,jblumil@creativecommons.org,2353531179,Female,Troitskoye
671,Maurine,Stede,mstedeim@oracle.com,3654172137,Female,Elele
672,Euphemia,McAlpin,emcalpinin@goo.ne.jp,9147439957,Female,Guocun
673,Doloritas,Arbuckel,darbuckelio@clickbank.net,8644355232,Female,Magsalangi
674,Wendel,Yurenev,wyurenevip@cnbc.com,6266395302,Genderfluid,Täby
675,Manolo,Cafe,mcafeiq@wired.com,6002416113,Male,Passal
676,Simone,Allsopp,sallsoppir@nps.gov,4798180446,Male,Sudzha
677,Angele,Digwood,adigwoodis@statcounter.com,9737698361,Non-binary,Noemuti
678,Alfy,Cuss,acussit@youtube.com,5671962927,Genderfluid,Grebnevo
679,Albertine,McCurtain,amccurtainiu@github.com,8507015734,Genderqueer,Glamoč
680,Temple,Armsby,tarmsbyiv@chron.com,7712621968,Male,Liulin
681,Bryana,Faull,bfaulliw@wordpress.com,3638853108,Female,Boshan
682,Lucia,Matusson,lmatussonix@networkadvertising.org,4759304143,Female,Ndewel
683,Fredia,Scading,fscadingiy@cdc.gov,6532709388,Female,Guamal
684,Maximilian,Johnikin,mjohnikiniz@networksolutions.com,7201471650,Genderqueer,Binafun
685,Barth,Bevir,bbevirj0@hatena.ne.jp,7246786558,Male,Lazaro Cardenas
686,Andrej,Jesteco,ajestecoj1@mac.com,1342716908,Male,Mhango
687,Christiano,Ferreli,cferrelij2@w3.org,9569300258,Male,Naga
688,Sim,Aronowitz,saronowitzj3@microsoft.com,5624839232,Bigender,Jinnan
689,Flore,McKew,fmckewj4@oracle.com,2108789558,Female,Garça
690,Philip,Polet,ppoletj5@gnu.org,5999814693,Polygender,Shouzhan
691,Jesus,Bew,jbewj6@google.com.br,1084953722,Male,Chochkan
692,Reeva,McRill,rmcrillj7@globo.com,2392616443,Female,Laidian
693,Frans,Dowbakin,fdowbakinj8@ihg.com,3061238477,Male,Soras
694,Karmen,Rawdales,krawdalesj9@xrea.com,3008488837,Female,Zhangdun
695,Urbain,Minkin,uminkinja@macromedia.com,2852035748,Male,Mehrān
696,Romona,Lister,rlisterjb@cam.ac.uk,5037182963,Female,Beaverton
697,Karlens,Cummings,kcummingsjc@wordpress.com,9364237851,Polygender,Kushchëvskaya
698,Abbe,Bonome,abonomejd@google.pl,4681450115,Female,Meijiang
699,Florette,Lindsell,flindsellje@angelfire.com,5007843926,Female,Curahuasi
700,Kristofer,Wanden,kwandenjf@auda.org.au,8563283947,Non-binary,Calvaria de Baixo
701,Goldina,Limrick,glimrickjg@ucsd.edu,9239237282,Female,Police nad Metují
702,Francoise,Feirn,ffeirnjh@spotify.com,1819223974,Female,Trnovska Vas
703,Silas,Keese,skeeseji@ehow.com,1973833459,Male,Midland
704,Angel,Rummin,arumminjj@blogs.com,6012911283,Female,Uvarovo
705,Ewell,Esposi,eesposijk@goodreads.com,8034777598,Male,Kakamigahara
706,Katusha,Rocca,kroccajl@washingtonpost.com,5597885929,Female,Fontainhas
707,Rex,Gelly,rgellyjm@oakley.com,8511951751,Male,Flin Flon
708,Shela,Bendley,sbendleyjn@ning.com,8873344203,Female,Tsybulevka
709,Rivy,Dolligon,rdolligonjo@npr.org,6297213067,Female,Myshkin
710,Kristoforo,Hornung,khornungjp@diigo.com,1484718728,Male,Zaoxi
711,Damien,Hunton,dhuntonjq@digg.com,7855826993,Bigender,Ambohitseheno
712,Paulo,Cabena,pcabenajr@geocities.jp,1549737175,Male,Manosque
713,Kay,Payn,kpaynjs@usda.gov,7827885821,Female,Piškorevci
714,Rose,Flisher,rflisherjt@oakley.com,3419243618,Female,Dianqian
715,Gabie,Vase,gvaseju@scientificamerican.com,7936643213,Female,Zhonghouhe
716,Lacie,Bubbins,lbubbinsjv@webeden.co.uk,8182937785,Female,Yangiobod
717,Cristiano,Pawels,cpawelsjw@ca.gov,7489401945,Male,Sanjinquan
718,Codi,Kershaw,ckershawjx@admin.ch,1573909684,Male,Rudo
719,Casey,Danelet,cdaneletjy@yandex.ru,5582756345,Female,Concepcion
720,Ker,Pancast,kpancastjz@samsung.com,3061891645,Male,Arras
721,Fredric,Suermeiers,fsuermeiersk0@answers.com,4678456539,Male,Lenger
722,Noble,McCromley,nmccromleyk1@whitehouse.gov,4447817649,Male,Shangshaleng
723,Lilias,Burkwood,lburkwoodk2@dailymotion.com,5718934863,Female,Manat
724,Myrilla,Rudolph,mrudolphk3@jiathis.com,6459742993,Female,Bitobe
725,Jecho,Bryant,jbryantk4@nytimes.com,9283801984,Male,Ikoma
726,Tyler,Hattiff,thattiffk5@joomla.org,7658373532,Male,São Bartolomeu
727,Brady,Dowker,bdowkerk6@newsvine.com,6167474144,Male,Karakulino
728,Francisco,McGoon,fmcgoonk7@mapquest.com,8329126150,Male,Bahaodi
729,Mort,Jaimez,mjaimezk8@wikia.com,1243193769,Male,Shadui
730,Saunderson,Vandrill,svandrillk9@boston.com,4274200130,Male,Samadua
731,Tiebout,Beange,tbeangeka@pen.io,4338096309,Agender,Lesnoye
732,Ingemar,Wipfler,iwipflerkb@sciencedirect.com,6382093192,Male,San Roque
733,Athene,Scarsbrook,ascarsbrookkc@deviantart.com,6923266947,Female,Şūr
734,Dominga,Charlotte,dcharlottekd@adobe.com,2304811376,Non-binary,Zhangjiaji
735,Raviv,Espinal,respinalke@reddit.com,1289958082,Male,Masumbwe
736,Levin,Grisdale,lgrisdalekf@wufoo.com,3598892514,Male,Tartaro
737,Lockwood,McGiff,lmcgiffkg@berkeley.edu,8035912484,Male,Capalonga
738,Murdock,Michael,mmichaelkh@va.gov,8625468540,Male,Monino
739,Millisent,Liven,mlivenki@miibeian.gov.cn,3705556931,Female,Ust-Maya
740,Ina,Glasper,iglasperkj@gizmodo.com,4778155488,Genderqueer,Taxisco
741,Stormy,Gilmartin,sgilmartinkk@squarespace.com,3167598977,Female,São João Nepomuceno
742,Percy,Langran,plangrankl@eventbrite.com,1145230797,Male,Talondang
743,Chastity,Robbins,crobbinskm@marketwatch.com,1183127503,Female,Fengxi
744,Sim,Borges,sborgeskn@usatoday.com,4582679079,Male,Zmiennica
745,Barbabas,Kmiec,bkmiecko@dmoz.org,8167275632,Agender,Independence
746,Therese,Joseph,tjosephkp@weebly.com,6408613231,Bigender,Choros
747,Carling,Shackesby,cshackesbykq@123-reg.co.uk,9737850151,Male,Bonn
748,Britni,Chessell,bchessellkr@phoca.cz,1167714039,Female,Libertad
749,Ray,Blockey,rblockeyks@wix.com,2431582368,Female,Bendosewu
750,Darcie,Minors,dminorskt@buzzfeed.com,7236911599,Female,Qingu
751,Cora,Huckett,chuckettku@php.net,4605752660,Female,Acton Vale
752,Shane,Baford,sbafordkv@independent.co.uk,1972332821,Female,Kamensk-Shakhtinskiy
753,Aline,Maddick,amaddickkw@bizjournals.com,1647697883,Female,At-Bashi
754,Allie,Vines,avineskx@vk.com,4827031653,Genderfluid,Paraiso
755,Tisha,Chene,tcheneky@state.tx.us,7396388310,Female,Ardirejo
756,Holli,Ca,hcakz@freewebs.com,9486090511,Female,Babakantugu
757,Marijo,Ander,manderl0@microsoft.com,7138133106,Female,Oropesa
758,Wat,Androlli,wandrollil1@paginegialle.it,8526583988,Male,Dongdu
759,Charil,Loidl,cloidll2@sphinn.com,4869039422,Female,Leones
760,Petunia,Switsur,pswitsurl3@icq.com,6741744320,Female,Boljevci
761,Benedetto,Charman,bcharmanl4@photobucket.com,6677174302,Genderfluid,Pizhanka
762,Jazmin,Dewing,jdewingl5@xinhuanet.com,8303277471,Non-binary,Luleå
763,Dud,Allender,dallenderl6@comcast.net,9011785426,Male,Port Louis
764,Nollie,Fleay,nfleayl7@unblog.fr,4016820073,Female,Providence
765,Merola,Flaunders,mflaundersl8@lulu.com,1864298088,Female,Dawuhan
766,Bernadene,Edgington,bedgingtonl9@friendfeed.com,3763481774,Non-binary,Tewulike
767,Townie,Thursby,tthursbyla@oracle.com,9483424007,Male,Ouro Preto
768,Oralie,Yakubov,oyakubovlb@ox.ac.uk,1172442913,Female,Ourense
769,Murdoch,Hyder,mhyderlc@w3.org,5839296774,Male,Tyazhinskiy
770,Kristoffer,Aurelius,kaureliusld@biglobe.ne.jp,2018467360,Male,T’ongch’ŏn-ŭp
771,Billie,Goude,bgoudele@plala.or.jp,5416989644,Female,Llanera
772,Esme,La Grange,elagrangelf@trellian.com,7383747520,Female,Umm Kaddadah
773,Arabelle,Putten,aputtenlg@ebay.com,8407520134,Female,Changnyeong
774,Oralia,Becaris,obecarislh@biglobe.ne.jp,1253452143,Female,Harian
775,Worthington,Thurstan,wthurstanli@istockphoto.com,6733361407,Male,Dolulolong
776,Les,Tadd,ltaddlj@is.gd,2642924771,Male,Cueto
777,Ivor,Ceresa,iceresalk@meetup.com,4154912220,Male,Perpignan
778,Alvinia,Hibling,ahiblingll@mtv.com,3321224927,Female,Jinping
779,Wandie,Dedam,wdedamlm@163.com,3191957692,Female,Nagcarlan
780,Roz,Delap,rdelapln@google.com.au,3182132761,Female,Dahu Satu
781,Etta,Poulgreen,epoulgreenlo@bravesites.com,4464899700,Female,Cimenga
782,Culver,Chattoe,cchattoelp@unicef.org,2826947840,Male,Beizheng
783,Emelia,Gilgryst,egilgrystlq@360.cn,6184818026,Bigender,Filipstad
784,Lazar,Semkins,lsemkinslr@hp.com,2581356360,Male,Marina
785,Theodore,McCluney,tmccluneyls@psu.edu,2657210560,Non-binary,Yangdian
786,Christoper,Cunnane,ccunnanelt@wikia.com,4657258165,Male,Suwangi Utara
787,Lewes,Whitelock,lwhitelocklu@gizmodo.com,7536276895,Male,Velykoploske
788,Rickie,Worge,rworgelv@parallels.com,5634392559,Female,Delgado
789,Joelle,Bedborough,jbedboroughlw@whitehouse.gov,8384269243,Female,Xilin Hot
790,Ari,Alen,aalenlx@goodreads.com,1298105533,Male,Gorna Oryakhovitsa
791,Felipe,Bramelt,fbrameltly@unblog.fr,1967788260,Male,Taquile
792,Kellen,Scolding,kscoldinglz@ucsd.edu,1654152545,Female,Niamey
793,Darby,Phillpot,dphillpotm0@infoseek.co.jp,6614334813,Male,Shikeng
794,Shelby,Bothie,sbothiem1@spiegel.de,7242833485,Polygender,Kępno
795,Brett,Suarez,bsuarezm2@princeton.edu,3949689379,Female,Grabica
796,Barbee,Demicoli,bdemicolim3@jugem.jp,4655875255,Genderqueer,Shirokaya Rechka
797,Yorker,Angrock,yangrockm4@npr.org,3552525558,Male,Jargalant
798,Nydia,Roggeman,nroggemanm5@gnu.org,6783172477,Female,Popayán
799,Thelma,Cranefield,tcranefieldm6@biblegateway.com,8431235139,Polygender,Taphan Hin
800,Mohandis,Andrich,mandrichm7@noaa.gov,8282951827,Male,Zhongzhai
801,Thatch,Braganza,tbraganzam8@shinystat.com,5414593110,Male,Yanghou
802,Nichol,Haggar,nhaggarm9@bbb.org,7083871898,Polygender,Kota Kinabalu
803,Abra,Lanfer,alanferma@phoca.cz,8663736118,Female,San Miguel
804,Nonnah,Ody,nodymb@icio.us,2466921301,Female,Florencia
805,Hernando,Bigland,hbiglandmc@flickr.com,8889696759,Male,Księżpol
806,Mignonne,Greensmith,mgreensmithmd@reddit.com,7373999502,Female,Nan
807,Felike,Bhatia,fbhatiame@google.com.au,5253486170,Male,Årjäng
808,Celestyna,Olding,coldingmf@wiley.com,7502054677,Female,Payao
809,Isahella,Lighten,ilightenmg@pinterest.com,3063314055,Genderqueer,Niedercorn
810,Melania,Pilipets,mpilipetsmh@w3.org,2082693130,Bigender,Jinniu
811,Ezekiel,Lacknor,elacknormi@sbwire.com,1228821358,Male,Gulod
812,Conny,Worms,cwormsmj@blog.com,3458017815,Male,Rrapë
813,Starr,Warlaw,swarlawmk@altervista.org,5442073786,Female,Midleton
814,Lock,Edmonson,ledmonsonml@illinois.edu,8209773667,Male,Jinli
815,Sandi,Challinor,schallinormm@census.gov,5776896582,Female,Runting
816,Jacqui,Borthe,jborthemn@wikipedia.org,9588702440,Female,Coroatá
817,Holmes,Antognoni,hantognonimo@illinois.edu,3301107793,Male,Moya
818,Fayette,Vyse,fvysemp@nifty.com,9774440390,Female,Néa Éfesos
819,Colly,Wealthall,cwealthallmq@archive.org,2021686111,Female,Washington
820,Teddie,Simoens,tsimoensmr@tripadvisor.com,6144128378,Female,Columbus
821,Lara,McLeoid,lmcleoidms@amazon.co.jp,3749441863,Female,Compiègne
822,Audre,Soane,asoanemt@accuweather.com,3682726778,Female,Verdun
823,Ximenez,Darinton,xdarintonmu@boston.com,9574763072,Male,Sypniewo
824,Nelli,Jewett,njewettmv@blinklist.com,6382899013,Female,Malakhovka
825,Chloris,Fairhead,cfairheadmw@geocities.jp,8036817864,Female,Shorko
826,Saudra,Bettridge,sbettridgemx@va.gov,7672561162,Female,Herby
827,Cristin,Mark,cmarkmy@mac.com,7632510416,Female,Bianba
828,Kelcie,Baistow,kbaistowmz@admin.ch,7762739950,Female,Luoyang
829,Ninette,Malinson,nmalinsonn0@howstuffworks.com,3406054121,Female,Penteado
830,Rollo,Hebblethwaite,rhebblethwaiten1@businessinsider.com,2941779844,Male,Mampong
831,Ardelia,Cruwys,acruwysn2@hatena.ne.jp,2801401126,Female,Pasarkayu
832,Randal,Pateman,rpatemann3@phpbb.com,2363396099,Genderfluid,Mae Sai
833,Abelard,Sholem,asholemn4@issuu.com,5665344720,Male,Oromocto
834,Nikolaus,Pemble,npemblen5@paypal.com,7607512057,Male,Poteran
835,Gerrard,Norfolk,gnorfolkn6@creativecommons.org,5288155086,Male,Balut
836,Gayelord,Twelvetrees,gtwelvetreesn7@edublogs.org,6987064068,Male,Liulin
837,Alessandro,Stowe,astowen8@opensource.org,1496807707,Male,Taoyuan
838,Eolanda,Kohlerman,ekohlermann9@google.com.br,1379173340,Female,Kargowa
839,Shena,McGinnell,smcginnellna@dedecms.com,5105303009,Female,San Rafael Arriba
840,Bethany,Wasling,bwaslingnb@apache.org,5958151014,Female,Baikui
841,Kiley,MacGowing,kmacgowingnc@mediafire.com,9047147090,Female,Ḩawallī
842,Meir,Traut,mtrautnd@about.me,4511978799,Male,Mailsi
843,Katrine,Muggeridge,kmuggeridgene@engadget.com,6274833923,Female,Penco
844,Magda,Faltskog,mfaltskognf@psu.edu,3922439778,Female,Korets’
845,Mano,Jostan,mjostanng@amazon.de,1372692730,Male,Boshchorbogh
846,Jasun,Razoux,jrazouxnh@arstechnica.com,1707888913,Genderqueer,Nyzhnya Krynka
847,Michal,Ambrosini,mambrosinini@livejournal.com,5242451501,Female,Lhabupu
848,Frayda,Grand,fgrandnj@patch.com,2586615876,Female,Karasuk
849,Adriena,Livard,alivardnk@altervista.org,8316928749,Female,Elbasan
850,Dody,Bool,dboolnl@oracle.com,7146979845,Female,Orahovac
851,Wildon,Loveitt,wloveittnm@blog.com,9794943116,Male,Velikooktyabr’skiy
852,Marti,Wadman,mwadmannn@webnode.com,7915619307,Agender,Prażmów
853,Emelia,Langfat,elangfatno@nifty.com,2847908651,Female,Dasi
854,Lorena,Beaby,lbeabynp@vimeo.com,2773398582,Female,Obninsk
855,Timothy,Sorsbie,tsorsbienq@loc.gov,1367380617,Male,Roa
856,Newton,Olivelli,nolivellinr@marketwatch.com,9853006412,Male,Novo Hamburgo
857,Consalve,Trulock,ctrulockns@forbes.com,4828943354,Male,Ob’
858,Inez,Iiannoni,iiiannonint@list-manage.com,2434272911,Female,Carigara
859,Cointon,Donner,cdonnernu@goo.gl,2384841425,Male,Lanchkhuti
860,Alisha,Scrace,ascracenv@comcast.net,3659795911,Female,Kamensk-Ural’skiy
861,Irwin,Epton,ieptonnw@w3.org,4701395595,Male,Osveya
862,Boony,Moran,bmorannx@example.com,8139333264,Male,Dajalorong
863,Denys,Laphorn,dlaphornny@ehow.com,5901116367,Male,Pondoktelo
864,Kalvin,Clemson,kclemsonnz@kickstarter.com,1618688961,Male,Caohe
865,Georgeanne,Southway,gsouthwayo0@army.mil,8822765690,Female,Xinzhuang
866,Garwin,Hambridge,ghambridgeo1@chicagotribune.com,3155493462,Male,Providencia
867,Rosa,Belchambers,rbelchamberso2@squidoo.com,1028667497,Female,Arranhó
868,Emma,Berndsen,eberndseno3@ocn.ne.jp,4234529186,Female,Johnson City
869,Ezechiel,Besson,ebessono4@nba.com,7675010232,Male,Zhanaozen
870,Gus,Cribbin,gcribbino5@1688.com,8499901003,Male,Qinghua
871,Matteo,Gallon,mgallono6@ebay.co.uk,4179659020,Male,San Martín
872,Erica,Strowther,estrowthero7@mozilla.com,4648065117,Female,Gustavsberg
873,Lydia,Deeny,ldeenyo8@time.com,3663899107,Female,Maramag
874,Peg,Dodwell,pdodwello9@ucsd.edu,2068984895,Female,Rybatskoye
875,Hyacinth,Crisp,hcrispoa@addthis.com,8374374919,Female,Lyaskovets
876,Tessa,Leaton,tleatonob@newyorker.com,8207299859,Female,Lyubar
877,Casey,Scones,csconesoc@comsenz.com,9883474162,Female,Bonavista
878,Anet,Daily,adailyod@aol.com,2439368681,Female,Forbach
879,Lyon,Klosser,lklosseroe@github.com,4436160501,Male,Žihle
880,Marsh,Fellnee,mfellneeof@cyberchimps.com,7574543518,Male,Boshkengash
881,Constanta,Shakesbye,cshakesbyeog@a8.net,7595552773,Female,Huaiya
882,Martie,Symonds,msymondsoh@google.ca,5196364371,Male,Bangonay
883,Demeter,Kuhndel,dkuhndeloi@flavors.me,7841059375,Female,Jampang Kulon
884,Ralph,Abbate,rabbateoj@blogger.com,2866266874,Male,Majunying
885,Boycey,Walhedd,bwalheddok@hostgator.com,8147453005,Male,Aborlan
886,Karola,Ratledge,kratledgeol@diigo.com,2211143844,Female,Beauvais
887,Alden,Capper,acapperom@usatoday.com,9939191067,Male,Tallkalakh
888,Kayne,Cottee,kcotteeon@free.fr,5227912294,Male,Fray Bentos
889,Findlay,Avrasin,favrasinoo@hostgator.com,8778264728,Genderqueer,Gzy
890,Norine,Dougan,ndouganop@nhs.uk,7821888566,Female,Caseros
891,Paquito,Dan,pdanoq@sogou.com,4611819402,Male,Marseille
892,Thaddus,Vowles,tvowlesor@gov.uk,2954757128,Male,Granard
893,Mikel,Kerby,mkerbyos@ft.com,5942757734,Male,São Manuel
894,Giavani,Eick,geickot@woothemes.com,9734340725,Male,Banjar Bongangede
895,Toiboid,Wren,twrenou@1688.com,2966757953,Male,Byumba
896,Mattias,Whiteland,mwhitelandov@blog.com,9675664366,Male,Santa Rosa
897,Tommie,Lebond,tlebondow@xrea.com,3283542564,Female,Bakan
898,Maudie,Dinzey,mdinzeyox@imageshack.us,5658748644,Female,Xiaomenjia
899,Ramonda,Pantone,rpantoneoy@nih.gov,6825288868,Female,Крива Паланка
900,Yoshi,Brewster,ybrewsteroz@homestead.com,9318850629,Female,Wangshi
901,Melita,Varvara,mvarvarap0@quantcast.com,5954216208,Female,Norsborg
902,Ester,Ovell,eovellp1@goo.ne.jp,6769210678,Female,Sherpur
903,Millisent,Alman,malmanp2@opera.com,6845393238,Female,Chongxing
904,Alecia,McLeish,amcleishp3@chron.com,7867149362,Female,Lukou
905,Salvatore,MacGruer,smacgruerp4@walmart.com,7622305216,Male,Shangping
906,Yasmin,Patrone,ypatronep5@homestead.com,2768578441,Female,Suchy Dąb
907,Giana,Rapson,grapsonp6@vinaora.com,6938669795,Female,Majennang
908,Lincoln,Riggeard,lriggeardp7@unc.edu,7474220227,Male,San Nicolas
909,Arabelle,Beale,abealep8@free.fr,7758199944,Bigender,Agiásos
910,Almeta,Jurkiewicz,ajurkiewiczp9@webs.com,6162258993,Female,Palmas
911,Celestia,Steet,csteetpa@reference.com,4595582987,Female,Fort Dauphin
912,Tarrance,Rennie,trenniepb@flavors.me,8162218750,Male,Cachadinha
913,Hagen,Mutton,hmuttonpc@printfriendly.com,7111171109,Male,Florianópolis
914,Herb,Piercey,hpierceypd@sakura.ne.jp,6784182510,Male,Sekondi-Takoradi
915,Annemarie,Petri,apetripe@blogs.com,3609613133,Female,Keffi
916,Karlik,Coolahan,kcoolahanpf@addthis.com,3887500712,Male,Dengnan
917,Powell,McSherry,pmcsherrypg@google.co.uk,4845381811,Male,Tinumpuk
918,Boycie,Bendell,bbendellph@networkadvertising.org,6203174519,Male,Turgun
919,Templeton,Pendrill,tpendrillpi@japanpost.jp,1291960291,Male,Mugan
920,Brennan,Lawful,blawfulpj@google.cn,2576402699,Male,Cabungan
921,Cobb,Willgrass,cwillgrasspk@tinyurl.com,8896874057,Male,Patea
922,Hasty,Vowles,hvowlespl@purevolume.com,2146593170,Male,Tvøroyri
923,Rollins,Harner,rharnerpm@baidu.com,4666062729,Genderqueer,Pīr jo Goth
924,Paulette,Benthall,pbenthallpn@gov.uk,3404057662,Female,Qarchī Gak
925,Wilie,Colbran,wcolbranpo@fotki.com,8258016137,Female,Taverny
926,Lauren,Tomley,ltomleypp@springer.com,7267087598,Male,Placencia
927,Dewie,Chetter,dchetterpq@nature.com,1799648829,Male,La Paz de Oriente
928,Skip,Fenech,sfenechpr@i2i.jp,9173490678,Male,Senador Pompeu
929,Brinna,Cokayne,bcokayneps@blogtalkradio.com,4067892568,Female,Zambujeira
930,Brnaby,Billson,bbillsonpt@com.com,6739110502,Male,Changgang
931,Godiva,Verzey,gverzeypu@alibaba.com,9265809503,Genderqueer,Kristiansand S
932,Ralina,Johnson,rjohnsonpv@china.com.cn,5189755908,Female,Castanheira
933,Barbie,Bointon,bbointonpw@wikispaces.com,5062594281,Female,Nantes
934,Steven,Hutcheon,shutcheonpx@reuters.com,9761422812,Male,Cimitarra
935,Pieter,Coopey,pcoopeypy@merriam-webster.com,9489705470,Male,Kota Kinabalu
936,Judi,McLaggan,jmclagganpz@nymag.com,3713025223,Female,Lębork
937,Marlo,Phizackarley,mphizackarleyq0@nhs.uk,2105710780,Bigender,San Antonio
938,Tine,Dominelli,tdominelliq1@apple.com,3062763582,Female,Bella Vista
939,Rustie,Raise,rraiseq2@fema.gov,9607113118,Male,Vale da Serra
940,Miquela,Attewill,mattewillq3@jalbum.net,7206609366,Female,Zuhu
941,Lane,Hilldrup,lhilldrupq4@youtube.com,8913734408,Male,Marina
942,Eugine,Bradden,ebraddenq5@alexa.com,8237283142,Female,Cần Giờ
943,Rufe,Drewell,rdrewellq6@ed.gov,5172706171,Male,Makabe
944,Phillipp,Kermitt,pkermittq7@nhs.uk,2892854961,Male,Fenshui
945,Jennica,Longwood,jlongwoodq8@narod.ru,7238672991,Female,Santa Cruz
946,Krystyna,Wyrill,kwyrillq9@youtu.be,4539692155,Female,Gammad
947,Trina,Crinion,tcrinionqa@deliciousdays.com,6614181532,Female,Antopal’
948,Ruthi,Haddacks,rhaddacksqb@surveymonkey.com,8201476039,Female,Dongqiao
949,Jabez,Ceeley,jceeleyqc@meetup.com,6542101583,Male,Pringsewu
950,Eba,Croxton,ecroxtonqd@marriott.com,7341050267,Female,Ārt Khwājah
951,Leela,Fransson,lfranssonqe@acquirethisname.com,4421262515,Female,Huacaschuque
952,Olive,Milmo,omilmoqf@who.int,3587788144,Female,Tønsberg
953,Rob,Merioth,rmeriothqg@aol.com,8868452096,Male,Palenggihan
954,Shaun,Ccomini,sccominiqh@deliciousdays.com,3125355259,Female,Les Coteaux
955,Kelsy,Turmall,kturmallqi@blogs.com,2972785730,Female,Upton
956,Yalonda,Gyorffy,ygyorffyqj@purevolume.com,8922457828,Female,Netvořice
957,Stephen,Faherty,sfahertyqk@freewebs.com,9937327286,Male,Vilcún
958,Mill,Scherer,mschererql@weibo.com,6409435235,Male,Kinalaglagan
959,Newton,Beavers,nbeaversqm@alibaba.com,4584582335,Male,Sucre
960,Emiline,Billes,ebillesqn@google.co.jp,5173977227,Polygender,København
961,Kearney,Brizland,kbrizlandqo@arizona.edu,5807378002,Male,Roermond
962,Chrysa,Northey,cnortheyqp@adobe.com,8573502805,Agender,Rashaant
963,Farrand,Keighley,fkeighleyqq@marriott.com,3249608888,Bigender,José Bonifácio
964,Joanne,Ricardo,jricardoqr@live.com,3761612678,Female,Trollhättan
965,Sibeal,Oldknowe,soldknoweqs@tumblr.com,7631873228,Non-binary,Ladoang
966,Danica,Gillebride,dgillebrideqt@techcrunch.com,9004820353,Female,Dihtyari
967,Lazarus,Pedwell,lpedwellqu@wiley.com,2384515622,Male,Eskilstuna
968,Jess,Limer,jlimerqv@t-online.de,7174215795,Female,Jhang Sadr
969,Bill,Cargon,bcargonqw@imgur.com,2611739437,Male,Tanjung Palas
970,Bruis,Shasnan,bshasnanqx@techcrunch.com,3364039160,Male,Kabin Buri
971,Ariela,Elrick,aelrickqy@seattletimes.com,5429990083,Female,Tanjung
972,Julianna,Kingston,jkingstonqz@privacy.gov.au,5005379696,Female,Luleå
973,Mano,Treherne,mtreherner0@ucla.edu,1431743123,Genderfluid,Vostochnyy
974,Erin,Overel,eoverelr1@vk.com,1948141663,Female,Bužim
975,Cesaro,Dikes,cdikesr2@free.fr,6098497689,Male,Sinajana Village
976,Agathe,Frostdyke,afrostdyker3@amazon.de,1987223345,Non-binary,Formosa
977,Vasily,Pottage,vpottager4@bizjournals.com,6467710832,Male,Banjar Desa
978,Peggie,Dovington,pdovingtonr5@washington.edu,9013725613,Female,Arauco
979,Helli,Morphew,hmorphewr6@harvard.edu,8256802212,Female,Batawa
980,Haskell,Boardman,hboardmanr7@oaic.gov.au,9097342821,Male,Jinbo
981,Nevsa,Ailsbury,nailsburyr8@tripadvisor.com,5429720095,Female,Rattanawapi
982,Sarette,Custy,scustyr9@bluehost.com,8601544596,Female,Ḩurayḑah
983,Denni,Acom,dacomra@goo.ne.jp,9422690607,Female,Monguno
984,Corty,Dietz,cdietzrb@sina.com.cn,3174459342,Male,Naftalan
985,Jedd,Gallifont,jgallifontrc@forbes.com,5792964449,Male,At Tāj
986,Lamont,Plain,lplainrd@phpbb.com,7577519620,Male,Debre Tabor
987,Wallache,Cherrett,wcherrettre@jimdo.com,5257902868,Male,Qishui
988,Beatrice,Hawthorne,bhawthornerf@prlog.org,4507705296,Female,Bohorodchany
989,Jase,Ethington,jethingtonrg@youku.com,6159339021,Male,Chinchiná
990,Corilla,Greengrass,cgreengrassrh@nydailynews.com,7846194983,Female,Jingouhe
991,Merrielle,Turbill,mturbillri@is.gd,2732725678,Female,Asprángeloi
992,Joletta,Dudman,jdudmanrj@prlog.org,7619503898,Female,Dongshi
993,Fern,Hammett,fhammettrk@sciencedirect.com,6802213571,Female,Warburton
994,Deeanne,Arman,darmanrl@theatlantic.com,8067844053,Female,Zhenjiang
995,Duane,Lawday,dlawdayrm@columbia.edu,7969383477,Male,Talodi
996,Malina,Masedon,mmasedonrn@biglobe.ne.jp,7049382113,Polygender,Tongquan
997,Caressa,Dwight,cdwightro@nps.gov,4988444442,Female,Isdalstø
998,Arlyne,Bowdrey,abowdreyrp@comcast.net,6098028534,Female,Xieba
999,Reade,Ternouth,rternouthrq@yale.edu,4151669763,Male,Pau
1000,Annelise,Brodest,abrodestrr@chron.com,6756697971,Female,Kaeng Khoi
